Index,ID
1,996581
2,406759
3,1029352
4,734442
5,767254
6,1127726
7,1029436
8,1062217
9,1062218
10,1094995
11,1062227
12,1062231
13,1062234
14,963930
15,1062233
16,1062237
17,1062232
18,1029477
19,931176
20,963954
21,1031760
22,963975
23,996745
24,865686
25,1062294
26,963992
27,1029539
28,931237
29,1029540
30,1029543
31,767401
32,1029558
33,1062335
34,1029571
35,800198
36,931295
37,1062371
38,1062374
39,898538
40,1062379
41,931320
42,931322
43,1062406
44,931343
45,1029657
46,833057
47,964137
48,1029682
49,1029689
50,1029692
51,1029695
52,1029696
53,1029697
54,964160
55,1128001
56,1160786
57,1160799
58,1029727
59,1062511
60,964222
61,1029804
62,931510
63,997060
64,669392
65,866001
66,997074
67,898770
68,669400
69,1128170
70,931562
71,1128175
72,1128190
73,800510
74,636688
75,505642
76,931639
77,931643
78,964418
79,1128258
80,997195
81,767825
82,1095505
83,1029985
84,1128335
85,1030038
86,964525
87,1030062
88,931766
89,1030090
90,997323
91,866254
92,866267
93,964573
94,997400
95,899112
96,800815
97,1030217
98,1030235
99,1128569
100,1128598
101,997526
102,800939
103,1063087
104,964784
105,899251
106,1063092
107,1063091
108,899259
109,833730
110,1030351
111,1030360
112,1030356
113,964829
114,899294
115,1030364
116,1030371
117,1030374
118,1030376
119,1030377
120,1030379
121,1063178
122,1030428
123,997669
124,964909
125,964910
126,801071
127,1161530
128,1161539
129,1128776
130,964941
131,964959
132,1128806
133,1128817
134,1128828
135,1161597
136,637312
137,964994
138,1161612
139,1096078
140,604571
141,1096098
142,1030574
143,965042
144,768447
145,1030594
146,1030595
147,1030599
148,1030601
149,1030603
150,1030615
151,1161695
152,1030634
153,1030636
154,1030638
155,1030640
156,1030641
157,1030642
158,1030646
159,1030650
160,1030653
161,1030656
162,1030657
163,1030660
164,997892
165,965132
166,932373
167,899609
168,965150
169,801320
170,1063471
171,1030717
172,1063506
173,1096285
174,965216
175,965224
176,965226
177,965233
178,869191
179,1063590
180,998066
181,1161919
182,1030846
183,1161922
184,1161929
185,1030859
186,1161940
187,998134
188,1063684
189,1129237
190,1063703
191,965405
192,1096535
193,1031012
194,998250
195,998251
196,1129340
197,1031038
198,1129374
199,1096607
200,1096610
201,1129388
202,1096626
203,1096627
204,1096629
205,998329
206,1063860
207,965566
208,998335
209,965609
210,801780
211,1031168
212,1031170
213,1031171
214,1096708
215,1031174
216,1031173
217,1031177
218,1162249
219,1031179
220,1063950
221,965648
222,1096722
223,1031192
224,1031196
225,1031190
226,965664
227,539681
228,998442
229,1096768
230,1096772
231,1064006
232,965711
233,1064015
234,965737
235,932971
236,1129579
237,965743
238,1031284
239,801913
240,1129599
241,1031308
242,801965
243,1096881
244,998578
245,834742
246,965821
247,1096900
248,900302
249,507086
250,1064157
251,900321
252,1031392
253,1031393
254,900334
255,1031409
256,1162503
257,933163
258,900410
259,1031485
260,1031488
261,1031532
262,1064311
263,1097085
264,1097100
265,1097108
266,1097127
267,1064362
268,1162674
269,1129911
270,1031611
271,1129920
272,1097168
273,1097173
274,1097211
275,933374
276,1097218
277,1097221
278,1097235
279,1097243
280,1097250
281,998947
282,1130024
283,966213
284,966219
285,1031758
286,1097296
287,1031761
288,1097300
289,1031765
290,1031764
291,1097307
292,1097308
293,1031775
294,1031780
295,1031781
296,1031784
297,1031786
298,1097324
299,1097326
300,1031794
301,1031795
302,1031797
303,1031806
304,1097346
305,1130117
306,1162886
307,1031816
308,1031811
309,1031822
310,1064596
311,1097368
312,1031833
313,933554
314,999089
315,1064631
316,507582
317,1097411
318,1097415
319,1031890
320,966364
321,1031902
322,1097438
323,999143
324,1031925
325,999677
326,1097473
327,1031960
328,999205
329,966470
