Index,ID
1,16
2,32834
3,71
4,77
5,98
6,107
7,134
8,8358
9,243
10,8452
11,318
12,327
13,392
14,8584
15,462
16,479
17,16888
18,25166
19,641
20,8843
21,8859
22,8871
23,8870
24,711
25,786
26,889
27,25520
28,955
29,9285
30,9383
31,75031
32,17711
33,9532
34,1359
35,9600
36,9678
37,9679
38,1493
39,17908
40,9741
41,1588
42,1597
43,1619
44,1636
45,18041
46,894588
47,1831
48,1900
49,1907
50,18292
51,2024
52,2046
53,2067
54,2069
55,2085
56,2089
57,2123
58,2133
59,2155
60,51333
61,10383
62,10384
63,10385
64,10393
65,10461
66,10468
67,10471
68,10479
69,10481
70,10501
71,26916
72,2360
73,10559
74,10560
75,10562
76,10564
77,10577
78,10571
79,10637
80,10647
81,10687
82,10688
83,10763
84,2621
85,2655
86,10862
87,10876
88,10873
89,2787
90,568173
91,904112
92,19419
93,27723
94,11398
95,756895
96,36047
97,11478
98,11531
99,44412
100,11678
101,11688
102,3536
103,511498
104,11849
105,11973
106,11978
107,36657
108,12107
109,44895
110,3981
111,896920
112,10567
113,12211
114,12212
115,77908
116,4234
117,4244
118,4247
119,20697
120,12509
121,4327
122,20770
123,29076
124,21311
125,37722
126,4958
127,4967
128,21378
129,29572
130,13526
131,13539
132,29946
133,5491
134,5551
135,14181
136,5994
137,292890
138,22597
139,22617
140,6282
141,6521
142,14736
143,47816
144,23618
145,7290
146,15489
147,7443
148,7450
149,15655
150,24100
151,16110
152,16222
153,16340
154,120
155,141
156,161
157,167
158,8386
159,73981
160,16651
161,8489
162,331
163,16723
164,24936
165,24940
166,33152
167,441
168,453
169,585
170,25208
171,634
172,8835
173,644
174,671
175,676
176,8922
177,768
178,33557
179,808
180,824
181,853
182,855
183,869
184,50035
185,25462
186,1018
187,25641
188,9290
189,9378
190,9397
191,9398
192,9428
193,9476
194,17708
195,1365
196,9705
197,1535
198,9740
199,1548
200,9778
201,353849
202,9799
203,1613
204,9816
205,9880
206,9889
207,9896
208,1722
209,1734
210,34549
211,9989
212,10016
213,10054
214,1903
215,1921
216,1933
217,1999
218,1995
219,2018
220,26602
221,2034
222,2043
223,2057
224,2100
225,2114
226,2140
227,2144
228,2171
229,2176
230,26791
231,10477
232,2294
233,35080
234,18734
235,13496
236,10596
237,18828
238,10646
239,10691
240,10696
241,2575
242,10796
243,10808
244,10833
245,10866
246,19058
247,10865
248,10877
249,10878
250,19076
251,43664
252,2749
253,10950
254,10956
255,2770
256,10972
257,10984
258,10992
259,11086
260,11088
261,11091
262,11090
263,19405
264,11232
265,11313
266,3172
267,11370
268,11371
269,11380
270,11397
271,11456
272,11467
273,11469
274,11470
275,896236
276,896246
277,60828
278,11889
279,12103
280,20309
281,12138
282,12149
283,4012
284,12312
285,4133
286,4248
287,12508
288,12589
289,20794
290,12610
291,12658
292,20857
293,4965
294,13166
295,5175
296,13408
297,5279
298,30379
299,14033
300,14034
301,5852
302,38717
303,5955
304,6073
305,46943
306,14369
307,6440
308,31016
309,31668
310,39939
311,23685
312,7501
313,15720
314,15745
315,56715
316,23949
317,24113
318,319065
319,16161
320,8007
321,16300
322,8198
323,65
324,121
325,8346
326,170
327,180
328,201
329,8427
330,245
331,16643
332,8470
333,16690
334,320
335,423
336,425
337,455
338,8665
339,557
340,565
341,590
342,608
343,640
344,672
345,8869
346,17130
347,34341
348,818
349,9012
350,9016
351,9021
352,9023
353,9034
354,9039
355,25461
356,9093
357,9266
358,9275
359,9280
360,9296
361,9298
362,9334
363,9357
364,25853
365,9488
366,34081
367,17710
368,9533
369,9544
370,1360
371,9557
372,9573
373,17774
374,9583
375,1429
376,1430
377,9637
378,9645
379,9685
380,1537
381,1576
382,1574
383,9884
384,9932
385,9962
386,1809
387,10052
388,1894
389,18323
390,10133
391,1957
392,18357
393,10167
394,2022
395,10229
396,59387
397,2103
398,2135
399,2165
400,10375
401,2185
402,10426
403,2251
404,92384
405,10550
406,10590
407,10592
408,10611
409,2501
410,10771
411,2637
412,2642
413,2675
414,10918
415,2752
416,2755
417,2757
418,10985
419,10996
420,11013
421,11022
422,11056
423,3131
424,3132
425,11362
426,11442
427,11452
428,11458
429,11468
430,11529
431,11535
432,11547
433,11544
434,11560
435,11692
436,11812
437,20009
438,11870
439,11880
440,11888
441,11892
442,11979
443,36586
444,36669
445,12100
446,20337
447,12277
448,4108
449,4147
450,20616
451,12590
452,29047
453,4547
454,12770
455,12771
456,12779
457,4614
458,4911
459,4912
460,13369
461,37964
462,13435
463,251053
464,13497
465,13536
466,30072
467,21925
468,13768
469,13908
470,30309
471,13950
472,5851
473,14112
474,6020
475,14365
476,6278
477,14293
478,31005
479,14635
480,14672
481,39541
482,15028
483,15070
484,15074
485,31477
486,15186
487,7090
488,7299
489,7303
490,7451
491,15647
492,23986
493,15992
494,16028
495,8051
496,12
497,20
498,22
499,24
500,83
501,122
502,153
503,237
504,327954
505,277
506,296
507,302
508,310
509,321
510,322
511,470
512,504
513,508
514,553
515,584
516,587
517,604
518,605
519,616
520,1088
521,1278
522,1415
523,1428
524,1435
525,1584
526,1647
527,1792
528,1807
529,1817
530,1927
531,1996
532,2055
533,2056
534,2116
535,2289
536,2662
537,2771
538,2832
539,3097
540,36658
541,4256
542,4464
543,4592
544,4612
545,4970
546,4997
547,5146
548,5653
549,6038
550,6171
551,6466
552,6964
553,7270
554,7288
555,73571
556,8046
557,8273
558,8326
559,8409
560,8619
561,8696
562,8698
563,8961
564,9257
565,9341
566,9358
567,9373
568,9471
569,9480
570,9486
571,9506
572,9562
573,9567
574,9582
575,9616
576,9620
577,9654
578,9776
579,9902
580,9919
581,10009
582,10028
583,10105
584,10147
585,10152
586,10159
587,10327
588,10330
589,10588
590,10601
591,10623
592,10629
593,10632
594,10678
595,10708
596,10715
597,10719
598,10720
599,10735
600,10743
601,10744
602,10756
603,10782
604,10894
605,10923
606,10922
607,10929
608,10934
609,10944
610,174831
611,11007
612,11019
613,11059
614,11093
615,11329
616,11351
617,11375
618,273566
619,11427
620,11523
621,11615
622,11635
623,11775
624,11817
625,12090
626,12146
627,12253
628,45040
629,12279
630,12767
631,13132
632,13370
633,13411
634,13433
635,13537
636,13691
637,13920
638,14411
639,47277
640,14527
641,14873
642,14926
643,15394
644,15603
645,16072
646,48891
647,16941
648,17345
649,17473
650,410928
651,17813
652,18736
653,19153
654,19277
655,20210
656,20694
657,21052
658,21525
659,22309
660,1170077
661,56427
662,24982
663,25428
664,59210
665,27090
666,60013
667,28200
668,1110727
669,95140
670,30141
671,30246
672,30806
673,30973
674,31246
675,32316
676,27
677,38
678,70
679,80
680,163
681,176
682,205
683,327955
684,291
685,314
686,393
687,395
688,401
689,421
690,435
691,558
692,594
693,615
694,652
695,673
696,693
697,747
698,809
699,866
700,924
701,1392
702,1487
703,1538
704,1577
705,1586
706,1677
707,1777
708,1824
709,34672
710,1944
711,1954
712,1966
713,1970
714,1997
715,2023
716,2048
717,2059
718,2122
719,2288
720,2502
721,2539
722,2567
723,2789
724,3098
725,3099
726,36648
727,3989
728,4380
729,4553
730,4599
731,4836
732,37641
733,5137
734,5255
735,5516
736,5966
737,71547
738,169870
739,235708
740,6478
741,6947
742,7131
743,7220
744,8080
745,8193
746,40990
747,8699
748,8842
749,8849
750,8920
751,9352
752,9372
753,9384
754,9472
755,9477
756,9509
757,9541
758,9675
759,9759
760,9801
761,9806
762,9833
763,9890
764,9893
765,10096
766,10145
767,10204
768,10555
769,10589
770,10591
771,10625
772,10677
773,10718
774,10733
775,10762
776,43670
777,11024
778,11025
779,11026
780,11036
781,11045
782,11052
783,11058
784,11081
785,11109
786,11128
787,11130
788,11132
789,11141
790,11169
791,11184
792,11208
793,11217
794,11247
795,11249
796,11282
797,11358
798,11588
799,11632
800,11774
801,11823
802,44593
803,11836
804,11866
805,44634
806,12109
807,12153
808,12281
809,12634
810,12653
811,12657
812,897439
813,12703
814,13193
815,13416
816,13476
817,13572
818,13700
819,13702
820,14024
821,14172
822,210864
823,14292
824,14337
825,14442
826,14462
827,14623
828,14844
829,14846
830,15045
831,15089
832,15237
833,15566
834,15644
835,15673
836,48463
837,15708
838,15775
839,16232
840,16427
841,16428
842,16617
843,16635
844,16784
845,17047
846,247481
847,18475
848,18701
849,18923
850,19084
851,19180
852,20148
853,20200
854,20304
855,20483
856,20912
857,21301
858,54807
859,23520
860,23601
861,24034
862,188348
863,25372
864,25379
865,25460
866,59188
867,26579
868,26710
869,289177
870,25
871,59
872,67
873,69
874,74
875,116
876,118
877,142
878,179
879,187
880,215
881,231
882,254
883,257
884,272
885,327957
886,292
887,308
888,340
889,398
890,411
891,533
892,546
893,561
894,612
895,674
896,787
897,791
898,921
899,953
900,1495
901,1635
902,1640
903,1656
904,1696
905,67238
906,1830
907,1833
908,1895
909,1904
910,1947
911,1985
912,2026
913,264346
914,2313
915,264734
916,2610
917,2652
918,2800
919,3291
920,3527
921,3631
922,3933
923,4348
924,4379
925,4442
926,4551
927,168705
928,5236
929,5289
930,6439
931,6519
932,6795
933,6957
934,6961
935,6963
936,7214
937,7233
938,7364
939,7453
940,7552
941,7553
942,7870
943,7873
944,8053
945,8066
946,8202
947,8292
948,8488
949,8643
950,8814
951,41726
952,8968
953,8976
954,8978
955,8999
956,9007
957,9009
958,9042
959,9043
960,9074
961,9291
962,9315
963,9335
964,9388
965,9392
966,9515
967,9522
968,9621
969,9641
970,9667
971,9687
972,9700
973,9701
974,9722
975,9729
976,9738
977,9763
978,9777
979,9779
980,9787
981,9813
982,9885
983,9899
984,9910
985,9913
986,9923
987,9928
988,9947
989,9968
990,9981
991,9982
992,10008
993,10012
994,10022
995,10027
996,10048
997,10060
998,10064
999,10065
1000,10066
1001,10070
1002,10077
1003,10092
1004,174008
1005,10263
1006,10320
1007,10476
1008,10707
1009,10851
1010,10982
1011,11096
1012,207747
1013,11283
1014,11354
1015,11400
1016,11431
1017,11451
1018,11453
1019,11459
1020,11460
1021,44250
1022,11559
1023,11637
1024,11638
1025,11648
1026,11679
1027,11683
1028,11804
1029,11968
1030,12142
1031,12228
1032,12700
1033,111164
1034,13341
1035,13374
1036,13498
1037,13499
1038,46336
1039,13682
1040,13919
1041,13922
1042,14120
1043,14167
1044,14175
1045,14177
1046,14199
1047,14278
1048,14517
1049,14631
1050,47880
1051,15402
1052,15487
1053,16320
1054,16367
1055,16553
1056,16608
1057,17113
1058,17186
1059,508882
1060,17880
1061,17926
1062,18070
1063,18777
1064,18840
1065,18882
1066,19183
1067,19723
1068,22060
1069,23478
1070,23592
1071,24363
1072,24546
1073,24618
1074,222060
1075,27360
1076,27819
1077,193704
1078,63703
1079,96504
1080,31450
1081,58
1082,82
1083,182
1084,186
1085,214
1086,313
1087,326
1088,350
1089,388
1090,496
1091,503
1092,512
1093,588
1094,591
1095,752
1096,773
1097,806
1098,834
1099,920
1100,950
1101,956
1102,1116
1103,1123
1104,1125
1105,1124
1106,66669
1107,1164
1108,1165
1109,1246
1110,1247
1111,1252
1112,1251
1113,1259
1114,1262
1115,1372
1116,1378
1117,1381
1118,1402
1119,1422
1120,1427
1121,1440
1122,1441
1123,1452
1124,1491
1125,1523
1126,1579
1127,1581
1128,1590
1129,1593
1130,1666
1131,1690
1132,1717
1133,1730
1134,1781
1135,1819
1136,1852
1137,1887
1138,1948
1139,1969
1140,1975
1141,2044
1142,198701
1143,2179
1144,2207
1145,2295
1146,2324
1147,2486
1148,3093
1149,3509
1150,3683
1151,36557
1152,36668
1153,4257
1154,4643
1155,37725
1156,5820
1157,6877
1158,7304
1159,7457
1160,7484
1161,7510
1162,7512
1163,7516
1164,7518
1165,7551
1166,7859
1167,7874
1168,7985
1169,8014
1170,8618
1171,41393
1172,74180
1173,565916
1174,8975
1175,8998
1176,9035
1177,9036
1178,9044
1179,9053
1180,9072
1181,9270
1182,9286
1183,9293
1184,9297
1185,9310
1186,9339
1187,9353
1188,9513
1189,9530
1190,9615
1191,9655
1192,9656
1193,9664
1194,9672
1195,9676
1196,9682
1197,9693
1198,9697
1199,9708
1200,9718
1201,9726
1202,9727
1203,9754
1204,9762
1205,9766
1206,9767
1207,9788
1208,9792
1209,9794
1210,9809
1211,9828
1212,9829
1213,9836
1214,9842
1215,9895
1216,9900
1217,9903
1218,9904
1219,9907
1220,9906
1221,9920
1222,9950
1223,9952
1224,9954
1225,9958
1226,9959
1227,9969
1228,9975
1229,9978
1230,9986
1231,9988
1232,9992
1233,10007
1234,10025
1235,10053
1236,10067
1237,10069
1238,10073
1239,10093
1240,10288
1241,10781
1242,10790
1243,207743
1244,11170
1245,11515
1246,11565
1247,11619
1248,11798
1249,11908
1250,12094
1251,12096
1252,12271
1253,12526
1254,78127
1255,12763
1256,12795
1257,13185
1258,13197
1259,13249
1260,13275
1261,13447
1262,13484
1263,13508
1264,13668
1265,13751
1266,13767
1267,13856
1268,13960
1269,13967
1270,14012
1271,14064
1272,14113
1273,14137
1274,14171
1275,14191
1276,14202
1277,14256
1278,14351
1279,14474
1280,14784
1281,14799
1282,15005
1283,15213
1284,15314
1285,15423
1286,15624
1287,15699
1288,15728
1289,16727
1290,16781
1291,50062
1292,17379
1293,18147
1294,18164
1295,18206
1296,18524
1297,18615
1298,18925
1299,19213
1300,52927
1301,53618
1302,22066
1303,55740
1304,24115
1305,24432
1306,24927
1307,25974
1308,26594
1309,257206
1310,30139
1311,31101
1312,64849
1313,32523
1314,35
1315,285
1316,298
1317,440
1318,559
1319,663
1320,675
1321,810
1322,1248
1323,1250
1324,1265
1325,1268
1326,1267
1327,1271
1328,1272
1329,1273
1330,1534
1331,1562
1332,1571
1333,1620
1334,1646
1335,1683
1336,1691
1337,1738
1338,1858
1339,1919
1340,1931
1341,1949
1342,1950
1343,1961
1344,1979
1345,1988
1346,1989
1347,1991
1348,2001
1349,2062
1350,2082
1351,2196
1352,2239
1353,2252
1354,2268
1355,2270
1356,2274
1357,2310
1358,2312
1359,2355
1360,2359
1361,2503
1362,2698
1363,2728
1364,2959
1365,2977
1366,2976
1367,3021
1368,3432
1369,3489
1370,3563
1371,3594
1372,3638
1373,3877
1374,3902
1375,4141
1376,4169
1377,37003
1378,4347
1379,4349
1380,4351
1381,4407
1382,4413
1383,4512
1384,4513
1385,4515
1386,4517
1387,4523
1388,4538
1389,4566
1390,4629
1391,4638
1392,4688
1393,4723
1394,4771
1395,4858
1396,4964
1397,4982
1398,5123
1399,5126
1400,5125
1401,5172
1402,5174
1403,5176
1404,5375
1405,5393
1406,5559
1407,5708
1408,5718
1409,5723
1410,5857
1411,5876
1412,5915
1413,6023
1414,6145
1415,6477
1416,6479
1417,6538
1418,6575
1419,6589
1420,6615
1421,6637
1422,6639
1423,891680
1424,6973
1425,6977
1426,7183
1427,7211
1428,7326
1429,7345
1430,7350
1431,7485
1432,7737
1433,7797
1434,7942
1435,7972
1436,7979
1437,8060
1438,8141
1439,8270
1440,8271
1441,8343
1442,8363
1443,8398
1444,8669
1445,74254
1446,9038
1447,9408
1448,9703
1449,9757
1450,9760
1451,9785
1452,9793
1453,9815
1454,9955
1455,9963
1456,9966
1457,9997
1458,10030
1459,10075
1460,10090
1461,10294
1462,10425
1463,10431
1464,10520
1465,10758
1466,10760
1467,10822
1468,10946
1469,11172
1470,44167
1471,11600
1472,11835
1473,896698
1474,12171
1475,12435
1476,12473
1477,12901
1478,13022
1479,13025
1480,13067
1481,13072
1482,13158
1483,13159
1484,13161
1485,13170
1486,13173
1487,13177
1488,13195
1489,13243
1490,13251
1491,13252
1492,13257
1493,13258
1494,13362
1495,13474
1496,13483
1497,46268
1498,13501
1499,46301
1500,13680
1501,964097
1502,13848
1503,13885
1504,13910
1505,13983
1506,14001
1507,14043
1508,14047
1509,46849
1510,14125
1511,14123
1512,14138
1513,14144
1514,14148
1515,14223
1516,14324
1517,14396
1518,14397
1519,14424
1520,276574
1521,14434
1522,14913
1523,15019
1524,15434
1525,15568
1526,15676
1527,15888
1528,16294
1529,16555
1530,16725
1531,16873
1532,17202
1533,17456
1534,17483
1535,50318
1536,21181
1537,21486
1538,54318
1539,22331
1540,55297
1541,22887
1542,121735
1543,23827
1544,126938
1545,28871
1546,155
1547,217
1548,1266
1549,34441
1550,1724
1551,1726
1552,1729
1553,1735
1554,2253
1555,2309
1556,2454
1557,3580
1558,102308
1559,4148
1560,4564
1561,4922
1562,4942
1563,4944
1564,4953
1565,4960
1566,5038
1567,169867
1568,6557
1569,6687
1570,6933
1571,6972
1572,7191
1573,7278
1574,7280
1575,7351
1576,7353
1577,7446
1578,7459
1579,7461
1580,7555
1581,7840
1582,7916
1583,8055
1584,8065
1585,8090
1586,860111
1587,8204
1588,8247
1589,8285
1590,8321
1591,8328
1592,8338
1593,8359
1594,8457
1595,8456
1596,8461
1597,8645
1598,8676
1599,8681
1600,8747
1601,8780
1602,8836
1603,8848
1604,8880
1605,8909
1606,8942
1607,8944
1608,8960
1609,8966
1610,8988
1611,9029
1612,9030
1613,9381
1614,9502
1615,9870
1616,10139
1617,10183
1618,10186
1619,10185
1620,10188
1621,10189
1622,10187
1623,10199
1624,10200
1625,10202
1626,10201
1627,10358
1628,10362
1629,10483
1630,10488
1631,10523
1632,10527
1633,10529
1634,10661
1635,10665
1636,10681
1637,10761
1638,10764
1639,10900
1640,11152
1641,11253
1642,11260
1643,11321
1644,11499
1645,11631
1646,11665
1647,11671
1648,11802
1649,11887
1650,11917
1651,11918
1652,274175
1653,12113
1654,12133
1655,12162
1656,12163
1657,12165
1658,12177
1659,12180
1660,12182
1661,12184
1662,12193
1663,12222
1664,45097
1665,12405
1666,12412
1667,12568
1668,12572
1669,12620
1670,12621
1671,12690
1672,12783
1673,12797
1674,12837
1675,12890
1676,13001
1677,13018
1678,13027
1679,13051
1680,13053
1681,13056
1682,13090
1683,13092
1684,13121
1685,13150
1686,13184
1687,13191
1688,373643
1689,13223
1690,13256
1691,13279
1692,13291
1693,13335
1694,13359
1695,13387
1696,13389
1697,13460
1698,13490
1699,13493
1700,13510
1701,13515
1702,13523
1703,13579
1704,13596
1705,13600
1706,13803
1707,13805
1708,13809
1709,13812
1710,13813
1711,13827
1712,13944
1713,13948
1714,13956
1715,13971
1716,13972
1717,13973
1718,13990
1719,13991
1720,13996
1721,14059
1722,14098
1723,14220
1724,14248
1725,14299
1726,14306
1727,14325
1728,14353
1729,14359
1730,14405
1731,14438
1732,14574
1733,14637
1734,14669
1735,15208
1736,15373
1737,15616
1738,15749
1739,278267
1740,16450
1741,17334
1742,17436
1743,17606
1744,50641
1745,18176
1746,18273
1747,18533
1748,18548
1749,18585
1750,20107
1751,52923
1752,20542
1753,20653
1754,20764
1755,21755
1756,23174
1757,88751
1758,253353
1759,57612
1760,25329
1761,26163
1762,59223
1763,31299
1764,32985
1765,534
1766,767
1767,33870
1768,33974
1769,34128
1770,1450
1771,34480
1772,1731
1773,34647
1774,34653
1775,1977
1776,34769
1777,2080
1778,36419
1779,36691
1780,36939
1781,37080
1782,37169
1783,4597
1784,37721
1785,4959
1786,37861
1787,38415
1788,38448
1789,38542
1790,38850
1791,170053
1792,39037
1793,39800
1794,7445
1795,73051
1796,7980
1797,8054
1798,8316
1799,8355
1800,8373
1801,41144
1802,8915
1803,8952
1804,467804
1805,10024
1806,10184
1807,10197
1808,10198
1809,10313
1810,10315
1811,10521
1812,10528
1813,43740
1814,43937
1815,11322
1816,11323
1817,11699
1818,11928
1819,12244
1820,12403
1821,12404
1822,12437
1823,12556
1824,12569
1825,12573
1826,12834
1827,45708
1828,13183
1829,13207
1830,13448
1831,13455
1832,13475
1833,13576
1834,13788
1835,13804
1836,13811
1837,13836
1838,14160
1839,14161
1840,14164
1841,14435
1842,14536
1843,14560
1844,14836
1845,14869
1846,15092
1847,15189
1848,15268
1849,15512
1850,15577
1851,507129
1852,48494
1853,16523
1854,16538
1855,16558
1856,16577
1857,16614
1858,16866
1859,16869
1860,16871
1861,16995
1862,16996
1863,17134
1864,17332
1865,17335
1866,17431
1867,17532
1868,17609
1869,17610
1870,17654
1871,17680
1872,17927
1873,17979
1874,18032
1875,18126
1876,18162
1877,18239
1878,18240
1879,18320
1880,18360
1881,18405
1882,18476
1883,18480
1884,18487
1885,18501
1886,18781
1887,18785
1888,18947
1889,19237
1890,19255
1891,19265
1892,19556
1893,19585
1894,19724
1895,19794
1896,19840
1897,19898
1898,19899
1899,19901
1900,19904
1901,19908
1902,19912
1903,19913
1904,19959
1905,19995
1906,19994
1907,20048
1908,20178
1909,20766
1910,20825
1911,20829
1912,20856
1913,20943
1914,21033
1915,21208
1916,21407
1917,381961
1918,21724
1919,22074
1920,22215
1921,22556
1922,22787
1923,22794
1924,22798
1925,22803
1926,22804
1927,22805
1928,22821
1929,22824
1930,22825
1931,22832
1932,22881
1933,22897
1934,22947
1935,22949
1936,22954
1937,23049
1938,23082
1939,55985
1940,23367
1941,23398
1942,23451
1943,23706
1944,56601
1945,23947
1946,23963
1947,23988
1948,56895
1949,24150
1950,24238
1951,24271
1952,24418
1953,24420
1954,24438
1955,24469
1956,24684
1957,24803
1958,24804
1959,25132
1960,25137
1961,25186
1962,25196
1963,189073
1964,25602
1965,25643
1966,25704
1967,25793
1968,25941
1969,25968
1970,26171
1971,26320
1972,26428
1973,26466
1974,26630
1975,26688
1976,26963
1977,28053
1978,28089
1979,28178
1980,28355
1981,28510
1982,28665
1983,782408
1984,29150
1985,29917
1986,29963
1987,30128
1988,31011
1989,31723
1990,31896
1991,32007
1992,32395
1993,32823
1994,32856
1995,33217
1996,66195
1997,33909
1998,34016
1999,34544
2000,34563
2001,34803
2002,34806
2003,34813
2004,34851
2005,35019
2006,35056
2007,35169
2008,35688
2009,35690
2010,35791
2011,101669
2012,37056
2013,37414
2014,37495
2015,37710
2016,37735
2017,37786
2018,37799
2019,37821
2020,37834
2021,70695
2022,37931
2023,37950
2024,38033
2025,38055
2026,38073
2027,38167
2028,38303
2029,38357
2030,38358
2031,38363
2032,38365
2033,38408
2034,38407
2035,71240
2036,38568
2037,38575
2038,38579
2039,38745
2040,38757
2041,38778
2042,38843
2043,39013
2044,39210
2045,39451
2046,72236
2047,39486
2048,39514
2049,39691
2050,39781
2051,39806
2052,269640
2053,40264
2054,41210
2055,41216
2056,41233
2057,41283
2058,41402
2059,41436
2060,41439
2061,41479
2062,41505
2063,41515
2064,41556
2065,41592
2066,41733
2067,41894
2068,42151
2069,42188
2070,42194
2071,42297
2072,42296
2073,9543
2074,42684
2075,42707
2076,42888
2077,42889
2078,10138
2079,10140
2080,10191
2081,10192
2082,10193
2083,10196
2084,43347
2085,43434
2086,43539
2087,43552
2088,43593
2089,43609
2090,43754
2091,43919
2092,43923
2093,43930
2094,43931
2095,43933
2096,43942
2097,43949
2098,43947
2099,44009
2100,44040
2101,44048
2102,175138
2103,11324
2104,44113
2105,44115
2106,44129
2107,44147
2108,11439
2109,44214
2110,44264
2111,44571
2112,44603
2113,44629
2114,44638
2115,44639
2116,44718
2117,44835
2118,44877
2119,12155
2120,44945
2121,12201
2122,45094
2123,45132
2124,12444
2125,45269
2126,45272
2127,45317
2128,45324
2129,12645
2130,12819
2131,78394
2132,45649
2133,45657
2134,45839
2135,46131
2136,46138
2137,13477
2138,46261
2139,46504
2140,46528
2141,46689
2142,46705
2143,46829
2144,46838
2145,47088
2146,47607
2147,48289
2148,48838
2149,540409
2150,49009
2151,16290
2152,49852
2153,50204
2154,50598
2155,18823
2156,52015
2157,52505
2158,52935
2159,20352
2160,53172
2161,20504
2162,20526
2163,20533
2164,20662
2165,22538
2166,55347
2167,22894
2168,22907
2169,22971
2170,22972
2171,23023
2172,23048
2173,23168
2174,23169
2175,23172
2176,23437
2177,23483
2178,23631
2179,23742
2180,23759
2181,23830
2182,24021
2183,122392
2184,56928
2185,25195
2186,58760
2187,91911
2188,26388
2189,26389
2190,26390
2191,551237
2192,59728
2193,27004
2194,27022
2195,27205
2196,27569
2197,27573
2198,27576
2199,27578
2200,27579
2201,27581
2202,27584
2203,27585
2204,27586
2205,28211
2206,291529
2207,29427
2208,30618
2209,63943
2210,31867
2211,261949
2212,32657
2213,65650
2214,65754
2215,65759
2216,197009
2217,66150
2218,1771
2219,1865
2220,67675
2221,67911
2222,67913
2223,101173
2224,101501
2225,68817
2226,69668
2227,69798
2228,37430
2229,70435
2230,37686
2231,70578
2232,70586
2233,37958
2234,38050
2235,70868
2236,38117
2237,38319
2238,38317
2239,38321
2240,38322
2241,38356
2242,38543
2243,71469
2244,38753
2245,71676
2246,71688
2247,71859
2248,71880
2249,39254
2250,72113
2251,72213
2252,39513
2253,39538
2254,72571
2255,72766
2256,73499
2257,73567
2258,40805
2259,40807
2260,73873
2261,73937
2262,73939
2263,73963
2264,41446
2265,41513
2266,41630
2267,74465
2268,8967
2269,74725
2270,9364
2271,74998
2272,75622
2273,10195
2274,10316
2275,75900
2276,76025
2277,43935
2278,43959
2279,77221
2280,44564
2281,44754
2282,44826
2283,44896
2284,44912
2285,44943
2286,77949
2287,12445
2288,45243
2289,45610
2290,45612
2291,78381
2292,45658
2293,45772
2294,46195
2295,79120
2296,46529
2297,79777
2298,47327
2299,47760
2300,80591
2301,48138
2302,48171
2303,48231
2304,48340
2305,48572
2306,81390
2307,48988
2308,49010
2309,49012
2310,49013
2311,49018
2312,49021
2313,49022
2314,49444
2315,49494
2316,49517
2317,49520
2318,49530
2319,49538
2320,49730
2321,82532
2322,49849
2323,49950
2324,50014
2325,50321
2326,17578
2327,50348
2328,50359
2329,50357
2330,50456
2331,50544
2332,50546
2333,50601
2334,50619
2335,50646
2336,50725
2337,50780
2338,50839
2339,50875
2340,51017
2341,83860
2342,51162
2343,51497
2344,51540
2345,84355
2346,51588
2347,51828
2348,51876
2349,51995
2350,52449
2351,52451
2352,85435
2353,53487
2354,217665
2355,54518
2356,54897
2357,55301
2358,55420
2359,55465
2360,55721
2361,55720
2362,55725
2363,55779
2364,55787
2365,23047
2366,55846
2367,88794
2368,89008
2369,23514
2370,56288
2371,56292
2372,23629
2373,56401
2374,56780
2375,89750
2376,57089
2377,57119
2378,57157
2379,57212
2380,57353
2381,417859
2382,57431
2383,57586
2384,58151
2385,58224
2386,58232
2387,58233
2388,91070
2389,58428
2390,58574
2391,58699
2392,91550
2393,58882
2394,59099
2395,59108
2396,59296
2397,92182
2398,59436
2399,59440
2400,59678
2401,59860
2402,59861
2403,59965
2404,59968
2405,60062
2406,223918
2407,60283
2408,60307
2409,60308
2410,60309
2411,27582
2412,60420
2413,60422
2414,1142118
2415,60935
2416,61791
2417,61891
2418,62046
2419,127713
2420,62206
2421,62215
2422,848750
2423,259123
2424,62630
2425,62837
2426,62838
2427,62835
2428,63207
2429,63492
2430,63493
2431,96844
2432,64328
2433,359348
2434,64586
2435,64622
2436,64639
2437,64685
2438,64690
2439,64720
2440,65055
2441,65057
2442,98339
2443,98548
2444,1930
2445,67660
2446,264408
2447,133463
2448,133694
2449,101267
2450,68718
2451,68722
2452,68734
2453,68812
2454,168026
2455,102780
2456,70160
2457,70436
2458,37724
2459,103332
2460,103370
2461,103620
2462,70981
2463,38541
2464,71552
2465,71668
2466,71679
2467,137366
2468,71864
2469,72105
2470,72197
2471,72207
2472,72331
2473,72334
2474,72358
2475,72387
2476,72431
2477,72545
2478,72570
2479,138222
2480,72976
2481,106135
2482,73723
2483,172040
2484,41154
2485,139567
2486,139948
2487,74534
2488,467816
2489,75174
2490,75638
2491,75674
2492,75780
2493,76163
2494,10679
2495,109099
2496,76487
2497,76489
2498,76492
2499,76493
2500,76494
2501,142158
2502,76726
2503,109513
2504,77016
2505,77174
2506,110146
2507,44833
2508,77866
2509,77877
2510,77883
2511,77930
2512,77948
2513,77953
2514,78461
2515,602940
2516,78698
2517,112336
2518,79694
2519,80035
2520,80271
2521,80278
2522,80321
2523,80585
2524,113947
2525,81188
2526,245142
2527,114150
2528,81446
2529,49014
2530,81796
2531,49026
2532,49040
2533,114574
2534,49049
2535,49051
2536,81836
2537,49526
2538,49527
2539,49529
2540,82390
2541,115210
2542,82505
2543,82507
2544,82525
2545,82618
2546,82633
2547,82650
2548,82675
2549,82679
2550,82687
2551,82690
2552,82693
2553,82695
2554,82696
2555,82990
2556,50620
2557,50647
2558,83542
2559,83666
2560,83686
2561,83770
2562,280402
2563,116613
2564,149576
2565,84165
2566,84174
2567,84175
2568,84188
2569,84200
2570,84305
2571,84329
2572,84332
2573,84334
2574,84336
2575,84341
2576,84401
2577,150126
2578,84892
2579,52520
2580,85446
2581,118784
2582,118957
2583,86467
2584,119458
2585,54054
2586,86838
2587,119738
2588,87428
2589,87496
2590,87502
2591,251422
2592,87825
2593,87826
2594,87827
2595,88005
2596,88036
2597,88042
2598,219186
2599,645272
2600,22970
2601,121640
2602,121826
2603,89492
2604,89691
2605,57165
2606,24428
2607,57214
2608,122857
2609,57800
2610,58244
2611,58595
2612,92591
2613,59961
2614,59962
2615,59963
2616,59967
2617,60599
2618,60747
2619,126509
2620,61012
2621,93837
2622,93856
2623,94348
2624,160070
2625,127493
2626,127517
2627,94901
2628,62177
2629,62213
2630,62214
2631,128270
2632,62764
2633,96399
2634,64635
2635,97430
2636,64688
2637,64689
2638,97614
2639,97630
2640,65086
2641,98203
2642,98357
2643,164331
2644,164457
2645,164558
2646,132232
2647,230599
2648,132344
2649,132363
2650,198277
2651,100542
2652,133441
2653,68179
2654,133805
2655,199373
2656,232175
2657,199534
2658,101299
2659,68721
2660,68724
2661,68727
2662,68728
2663,167032
2664,68726
2665,134374
2666,134411
2667,4258
2668,70074
2669,168672
2670,136400
2671,136418
2672,169209
2673,103731
2674,136795
2675,202575
2676,169813
2677,137093
2678,169881
2679,104755
2680,72190
2681,72559
2682,72710
2683,204082
2684,171424
2685,138832
2686,138843
2687,139038
2688,106646
2689,106747
2690,172391
2691,205220
2692,172792
2693,205601
2694,107811
2695,107846
2696,239019
2697,107985
2698,140823
2699,75612
2700,75656
2701,305242
2702,76170
2703,76203
2704,76285
2705,109091
2706,76338
2707,174645
2708,174671
2709,174675
2710,76544
2711,76617
2712,109410
2713,109414
2714,109417
2715,109418
2716,109421
2717,109424
2718,109428
2719,109431
2720,109439
2721,109443
2722,109445
2723,109451
2724,109491
2725,109729
2726,208134
2727,175528
2728,175541
2729,175555
2730,175574
2731,77805
2732,176124
2733,77931
2734,77950
2735,77951
2736,77987
2737,209189
2738,209262
2739,209403
2740,111190
2741,111479
2742,242575
2743,144340
2744,209901
2745,177699
2746,112205
2747,145135
2748,145197
2749,211067
2750,112949
2751,80274
2752,211657
2753,146203
2754,146216
2755,146227
2756,146233
2757,146238
2758,146239
2759,47964
2760,146304
2761,244610
2762,179111
2763,146381
2764,81005
2765,179812
2766,212716
2767,212769
2768,49047
2769,180314
2770,147773
2771,49519
2772,49521
2773,49524
2774,115348
2775,82654
2776,82682
2777,82700
2778,82992
2779,214086
2780,115782
2781,83899
2782,116711
2783,116741
2784,116745
2785,117251
2786,117263
2787,314394
2788,118289
2789,85889
2790,151960
2791,119283
2792,152259
2793,86825
2794,86829
2795,54138
2796,119675
2797,152532
2798,152599
2799,152601
2800,152603
2801,152737
2802,152747
2803,152748
2804,382142
2805,87421
2806,87499
2807,87516
2808,87567
2809,87818
2810,1038675
2811,220289
2812,187527
2813,253098
2814,122081
2815,253279
2816,57158
2817,57201
2818,122906
2819,123109
2820,680570
2821,123553
2822,254732
2823,123907
2824,156700
2825,156711
2826,91586
2827,124459
2828,157354
2829,157360
2830,157386
2831,157547
2832,157834
2833,157841
2834,157847
2835,158011
2836,158015
2837,190847
2838,59859
2839,190955
2840,223919
2841,158426
2842,60304
2843,93456
2844,159014
2845,93828
2846,192134
2847,192136
2848,192145
2849,159378
2850,127373
2851,127560
2852,193173
2853,160588
2854,160768
2855,193613
2856,193756
2857,161321
2858,129139
2859,227700
2860,227707
2861,96721
2862,129670
2863,96936
2864,228331
2865,228406
2866,97367
2867,162903
2868,130150
2869,64682
2870,64686
2871,64807
2872,228676
2873,189
2874,262340
2875,196867
2876,98566
2877,262543
2878,164251
2879,131631
2880,230179
2881,230266
2882,295884
2883,197583
2884,296456
2885,198185
2886,100042
2887,100241
2888,198663
2889,100402
2890,231576
2891,264656
2892,297462
2893,68737
2894,232672
2895,232679
2896,199933
2897,200505
2898,102382
2899,1019914
2900,102651
2901,168530
2902,266856
2903,136797
2904,136835
2905,235260
2906,137094
2907,137106
2908,137113
2909,169917
2910,137321
2911,268743
2912,170687
2913,287935
2914,138103
2915,203739
2916,203834
2917,72784
2918,236751
2919,171274
2920,269638
2921,171372
2922,270303
2923,204922
2924,270654
2925,172385
2926,270938
2927,270946
2928,205587
2929,205596
2930,271331
2931,238603
2932,238636
2933,206296
2934,206487
2935,239563
2936,239571
2937,239566
2938,239678
2939,272610
2940,207703
2941,76649
2942,240832
2943,273895
2944,241239
2945,241254
2946,241771
2947,241848
2948,209185
2949,930087
2950,242042
2951,242095
2952,209451
2953,242224
2954,242310
2955,242512
2956,242582
2957,177047
2958,144336
2959,177494
2960,275805
2961,177572
2962,79316
2963,210479
2964,210577
2965,145220
2966,243683
2967,210947
2968,276918
2969,244264
2970,244403
2971,244506
2972,244539
2973,244566
2974,80920
2975,244772
2976,244783
2977,244786
2978,277685
2979,212778
2980,49017
2981,147441
2982,245891
2983,245916
2984,246403
2985,82702
2986,82703
2987,246741
2988,246860
2989,181533
2990,116149
2991,280127
2992,215211
2993,216282
2994,249164
2995,85350
2996,118340
2997,282296
2998,184098
2999,249660
3000,151368
3001,53182
3002,184315
3003,184345
3004,184346
3005,282813
3006,119450
3007,250538
3008,250546
3009,86834
3010,218043
3011,87093
3012,152760
3013,316744
3014,251321
3015,87492
3016,480873
3017,284276
3018,284293
3019,120467
3020,218778
3021,218836
3022,284536
3023,252171
3024,252178
3025,187017
3026,252680
3027,154400
3028,253235
3029,155084
3030,188161
3031,188166
3032,483103
3033,188207
3034,286521
3035,286554
3036,122917
3037,254191
3038,156022
3039,254473
3040,254904
3041,1139708
3042,1139731
3043,91314
3044,255343
3045,288158
3046,157099
3047,255615
3048,157336
3049,157350
3050,157353
3051,222899
3052,222935
3053,124905
3054,157829
3055,157845
3056,157851
3057,157849
3058,256274
3059,190859
3060,59981
3061,224141
3062,256917
3063,289720
3064,257448
3065,192102
3066,519918
3067,258086
3068,225565
3069,225574
3070,291200
3071,291319
3072,225886
3073,127585
3074,253331
3075,684767
3076,193610
3077,193612
3078,226486
3079,914675
3080,193893
3081,423431
3082,226857
3083,292483
3084,227156
3085,227159
3086,292795
3087,227306
3088,227348
3089,194662
3090,260346
3091,227735
3092,227783
3093,293474
3094,1080053
3095,97020
3096,228150
3097,228194
3098,228326
3099,195589
3100,97370
3101,294093
3102,228967
3103,228970
3104,229297
3105,262500
3106,131634
3107,361159
3108,328425
3109,328589
3110,263109
3111,295964
3112,296098
3113,296100
3114,296099
3115,361673
3116,263472
3117,99861
3118,198184
3119,264644
3120,264660
3121,166424
3122,264999
3123,232572
3124,167073
3125,298312
3126,298382
3127,331190
3128,364083
3129,331588
3130,167810
3131,266294
3132,266396
3133,135397
3134,299245
3135,168259
3136,201085
3137,201088
3138,266639
3139,266647
3140,102899
3141,234212
3142,333348
3143,333352
3144,300693
3145,333596
3146,268238
3147,301351
3148,268920
3149,301875
3150,203801
3151,105864
3152,336004
3153,303991
3154,205775
3155,238615
3156,238713
3157,304357
3158,304372
3159,271674
3160,140607
3161,271714
3162,271718
3163,206647
3164,239573
3165,10317
3166,272693
3167,272878
3168,76341
3169,174751
3170,273248
3171,76757
3172,371764
3173,273477
3174,273481
3175,339145
3176,273899
3177,306745
3178,241251
3179,241257
3180,306819
3181,274167
3182,306947
3183,307081
3184,241554
3185,274479
3186,274854
3187,308084
3188,275601
3189,373981
3190,308504
3191,308638
3192,308639
3193,177677
3194,210860
3195,243688
3196,309304
3197,243938
3198,243940
3199,276907
3200,309809
3201,342724
3202,277216
3203,310121
3204,310131
3205,310133
3206,146301
3207,343139
3208,245168
3209,343795
3210,245698
3211,245846
3212,246127
3213,312221
3214,181283
3215,280092
3216,214756
3217,182560
3218,280996
3219,346808
3220,248574
3221,216015
3222,314365
3223,150540
3224,314385
3225,150689
3226,249070
3227,281957
3228,315213
3229,250124
3230,282984
3231,316002
3232,283235
3233,283445
3234,283587
3235,87101
3236,252512
3237,252838
3238,285783
3239,318781
3240,318846
3241,253412
3242,253414
3243,286217
3244,188222
3245,286565
3246,254128
3247,254320
3248,254470
3249,254472
3250,57876
3251,320048
3252,287424
3253,254905
3254,320588
3255,287903
3256,287948
3257,353500
3258,517754
3259,222936
3260,157544
3261,518076
3262,157827
3263,157843
3264,321697
3265,321741
3266,223485
3267,256591
3268,256924
3269,256961
3270,256962
3271,257088
3272,257091
3273,158852
3274,257211
3275,257344
3276,257445
3277,192141
3278,323272
3279,290751
3280,290764
3281,159824
3282,258480
3283,225728
3284,291270
3285,258509
3286,292081
3287,325348
3288,227719
3289,326215
3290,227973
3291,326284
3292,228066
3293,293646
3294,228161
3295,228165
3296,228205
3297,261023
3298,293863
3299,294016
3300,261392
3301,359790
3302,294254
3303,360203
3304,360328
3305,393457
3306,262504
3307,328111
3308,262841
3309,328387
3310,295699
3311,296096
3312,296360
3313,296524
3314,329440
3315,329833
3316,329865
3317,329981
3318,330459
3319,330483
3320,297761
3321,428868
3322,297806
3323,68730
3324,68735
3325,363676
3326,331313
3327,725083
3328,332210
3329,234004
3330,299687
3331,332567
3332,332718
3333,267193
3334,332979
3335,333371
3336,333385
3337,267860
3338,136799
3339,300667
3340,300669
3341,300671
3342,300673
3343,267935
3344,333484
3345,399173
3346,333667
3347,333669
3348,301365
3349,301748
3350,334524
3351,334533
3352,334541
3353,334543
3354,269149
3355,302156
3356,597185
3357,302401
3358,368031
3359,302688
3360,302699
3361,401032
3362,270010
3363,302946
3364,335778
3365,335791
3366,335796
3367,335797
3368,270487
3369,368942
3370,270774
3371,303858
3372,271110
3373,205584
3374,402298
3375,369557
3376,140300
3377,369883
3378,369885
3379,337154
3380,271969
3381,173897
3382,370755
3383,43074
3384,338766
3385,404378
3386,371645
3387,338964
3388,207932
3389,339397
3390,339408
3391,339419
3392,241259
3393,241258
3394,339927
3395,339984
3396,209112
3397,340402
3398,274870
3399,340485
3400,340487
3401,373314
3402,340666
3403,340676
3404,340945
3405,341006
3406,341012
3407,308266
3408,308453
3409,308531
3410,407342
3411,276905
3412,342473
3413,342521
3414,309886
3415,342737
3416,408309
3417,146198
3418,47933
3419,310307
3420,375867
3421,277834
3422,376290
3423,343611
3424,310888
3425,409220
3426,376453
3427,278154
3428,376659
3429,376660
3430,409502
3431,245703
3432,311324
3433,376866
3434,376867
3435,278924
3436,278927
3437,377264
3438,508592
3439,213681
3440,377587
3441,246655
3442,279641
3443,410845
3444,345911
3445,345920
3446,313297
3447,313369
3448,346672
3449,346684
3450,346685
3451,313922
3452,347026
3453,347031
3454,347126
3455,412741
3456,380124
3457,413052
3458,347882
3459,315664
3460,381284
3461,316023
3462,283366
3463,316152
3464,283552
3465,316727
3466,382322
3467,284052
3468,284564
3469,153518
3470,317557
3471,383354
3472,416149
3473,318226
3474,351211
3475,121856
3476,318850
3477,351819
3478,417417
3479,384682
3480,384737
3481,286567
3482,319888
3483,188927
3484,385722
3485,353069
3486,58431
3487,321258
3488,223702
3489,354859
3490,322240
3491,388399
3492,257345
3493,257440
3494,290250
3495,290595
3496,356305
3497,323675
3498,323676
3499,323677
3500,258230
3501,127380
3502,258489
3503,291328
3504,291805
3505,291870
3506,324668
3507,324786
3508,259316
3509,95610
3510,325133
3511,259693
3512,259694
3513,259695
3514,423628
3515,325346
3516,325789
3517,358807
3518,883428
3519,326423
3520,293660
3521,391995
3522,293767
3523,195590
3524,916844
3525,294272
3526,425704
3527,393170
3528,426030
3529,393345
3530,426230
3531,491921
3532,459202
3533,295693
3534,394117
3535,263115
3536,427900
3537,395458
3538,428449
3539,428495
3540,166426
3541,395834
3542,395991
3543,395992
3544,395993
3545,297762
3546,396371
3547,429189
3548,396422
3549,330947
3550,298250
3551,462115
3552,528328
3553,397422
3554,364689
3555,430231
3556,430474
3557,397837
3558,496230
3559,398174
3560,398177
3561,365942
3562,431530
3563,398818
3564,333384
3565,399019
3566,399055
3567,399170
3568,137116
3569,399404
3570,268531
3571,301337
3572,301355
3573,432602
3574,432641
3575,334521
3576,433356
3577,400617
3578,400710
3579,335360
3580,400928
3581,433808
3582,335777
3583,335788
3584,565296
3585,335984
3586,335988
3587,336000
3588,369192
3589,467806
3590,271404
3591,402529
3592,337170
3593,337339
3594,402897
3595,403119
3596,141052
3597,403390
3598,305470
3599,371638
3600,469971
3601,404733
3602,339259
3603,339403
3604,372343
3605,339846
3606,339877
3607,339964
3608,339988
3609,340101
3610,438457
3611,405775
3612,274855
3613,274857
3614,274862
3615,373569
3616,340837
3617,341013
3618,341174
3619,406990
3620,406997
3621,440021
3622,407448
3623,374720
3624,473309
3625,14564
3626,440597
3627,440777
3628,408266
3629,47971
3630,408648
3631,343668
3632,180863
3633,443319
3634,378236
3635,411019
3636,181808
3637,345914
3638,345922
3639,345923
3640,345938
3641,903093
3642,444539
3643,608440
3644,346364
3645,379149
3646,346648
3647,313943
3648,314095
3649,281338
3650,282035
3651,347629
3652,445954
3653,413362
3654,315064
3655,446354
3656,413644
3657,413765
3658,315635
3659,446791
3660,381283
3661,381288
3662,381289
3663,315837
3664,316029
3665,414453
3666,316154
3667,283995
3668,284053
3669,480881
3670,382614
3671,55341
3672,415842
3673,514152
3674,416160
3675,416477
3676,384680
3677,417644
3678,417678
3679,417830
3680,417870
3681,418078
3682,418437
3683,353070
3684,353486
3685,353491
3686,353569
3687,353616
3688,419430
3689,419680
3690,321612
3691,289222
3692,354861
3693,354912
3694,421480
3695,290512
3696,257785
3697,389015
3698,126889
3699,455551
3700,390043
3701,390051
3702,324542
3703,324552
3704,324849
3705,324852
3706,456048
3707,292280
3708,293167
3709,1014127
3710,260514
3711,391713
3712,392044
3713,293768
3714,457762
3715,654546
3716,359940
3717,1146501
3718,392982
3719,360920
3720,426543
3721,426563
3722,426613
3723,361292
3724,492452
3725,459910
3726,460019
3727,394741
3728,427641
3729,460668
3730,493551
3731,428078
3732,460885
3733,493922
3734,363088
3735,395990
3736,297802
3737,429197
3738,429203
3739,396461
3740,429300
3741,429351
3742,429476
3743,757236
3744,757237
3745,757238
3746,757239
3747,757240
3748,396806
3749,430040
3750,626830
3751,463272
3752,758253
3753,299536
3754,332562
3755,398173
3756,463821
3757,333339
3758,464502
3759,300668
3760,300681
3761,399035
3762,399174
3763,399360
3764,399402
3765,497814
3766,432301
3767,465136
3768,399796
3769,268896
3770,400155
3771,465914
3772,400535
3773,400650
3774,466411
3775,401469
3776,1056872
3777,696430
3778,335983
3779,434555
3780,401981
3781,467660
3782,500475
3783,500664
3784,336843
3785,599290
3786,337167
3787,369972
3788,402900
3789,665215
3790,370567
3791,404368
3792,371608
3793,502682
3794,338952
3795,338970
3796,470044
3797,339103
3798,437557
3799,470333
3800,437586
3801,601507
3802,339380
3803,503616
3804,470878
3805,504172
3806,438674
3807,438689
3808,438799
3809,438808
3810,897721
3811,439015
3812,439079
3813,406563
3814,505058
3815,406761
3816,472553
3817,440161
3818,407451
3819,473149
3820,440471
3821,506072
3822,407890
3823,375262
3824,375588
3825,474335
3826,474395
3827,442062
3828,442064
3829,802531
3830,442249
3831,376865
3832,540953
3833,50022
3834,378107
3835,476764
3836,345887
3837,476968
3838,345940
3839,608443
3840,608441
3841,477510
3842,346910
3843,445571
3844,445651
3845,347375
3846,412988
3847,446021
3848,446101
3849,348350
3850,446696
3851,414001
3852,381237
3853,446807
3854,446894
3855,447200
3856,381719
3857,447332
3858,447665
3859,513285
3860,480530
3861,284054
3862,1103453
3863,513691
3864,514277
3865,416234
3866,383498
3867,514619
3868,1006209
3869,449176
3870,351044
3871,449443
3872,351286
3873,843214
3874,417261
3875,220882
3876,450766
3877,483876
3878,353081
3879,484247
3880,418879
3881,517278
3882,451915
3883,419478
3884,681670
3885,354279
3886,387592
3887,453201
3888,420814
3889,453755
3890,454283
3891,454293
3892,454619
3893,487558
3894,454992
3895,455207
3896,324857
3897,455980
3898,424139
3899,260513
3900,457136
3901,489925
3902,489928
3903,489931
3904,489999
3905,391714
3906,490132
3907,424694
3908,424783
3909,424781
3910,425148
3911,425505
3912,523931
3913,458423
3914,458594
3915,491418
3916,458737
3917,458897
3918,459116
3919,655978
3920,492188
3921,492565
3922,525661
3923,820605
3924,493141
3925,526050
3926,624779
3927,329996
3928,166428
3929,330457
3930,428836
3931,527641
3932,429416
3933,429471
3934,429617
3935,331482
3936,299534
3937,299537
3938,660714
3939,431580
3940,431693
3941,464504
3942,398978
3943,530385
3944,465086
3945,399579
3946,301528
3947,530915
3948,400157
3949,531309
3950,498743
3951,466081
3952,302349
3953,466272
3954,630331
3955,499701
3956,565310
3957,532671
3958,533444
3959,500852
3960,533642
3961,500916
3962,468224
3963,501170
3964,534259
3965,468816
3966,403300
3967,599975
3968,501907
3969,567609
3970,502416
3971,535292
3972,535544
3973,338967
3974,535845
3975,503919
3976,536743
3977,536869
3978,438650
3979,897724
3980,504562
3981,504608
3982,373571
3983,537915
3984,538207
3985,505600
3986,473033
3987,440472
3988,440762
3989,539651
3990,441384
3991,474350
3992,573438
3993,475303
3994,540901
3995,475557
3996,508664
3997,508763
3998,508791
3999,541577
4000,672681
4001,181812
4002,738883
4003,575094
4004,280217
4005,509853
4006,411728
4007,510298
4008,412117
4009,543915
4010,445629
4011,511322
4012,511987
4013,512196
4014,512200
4015,479455
4016,512263
4017,578189
4018,480105
4019,447404
4020,513045
4021,480414
4022,546554
4023,481084
4024,514439
4025,514921
4026,515001
4027,384018
4028,449563
4029,449562
4030,580641
4031,515195
4032,417384
4033,548473
4034,515789
4035,679672
4036,450465
4037,549053
4038,844364
4039,320288
4040,287947
4041,517517
4042,616178
4043,157433
4044,419704
4045,616584
4046,452832
4047,486131
4048,453405
4049,551808
4050,420809
4051,420817
4052,420818
4053,552178
4054,454294
4055,454458
4056,487297
4057,454640
4058,290859
4059,553141
4060,520900
4061,619265
4062,521029
4063,1111090
4064,292011
4065,554241
4066,423204
4067,521777
4068,522162
4069,522212
4070,456740
4071,620725
4072,522518
4073,489814
4074,522681
4075,621191
4076,522924
4077,522938
4078,654187
4079,523172
4080,359724
4081,458156
4082,458253
4083,458305
4084,491283
4085,524247
4086,458723
4087,688258
4088,492611
4089,590995
4090,526019
4091,625568
4092,429422
4093,692000
4094,495764
4095,627290
4096,529203
4097,529485
4098,464052
4099,38700
4100,596161
4101,400160
4102,629540
4103,1121648
4104,531876
4105,466622
4106,337401
4107,632322
4108,566927
4109,600354
4110,338762
4111,601165
4112,340102
4113,767276
4114,570670
4115,571384
4116,702525
4117,637053
4118,768710
4119,670428
4120,441130
4121,539537
4122,539565
4123,442065
4124,508439
4125,508442
4126,1032851
4127,443791
4128,738801
4129,542224
4130,280476
4131,1034217
4132,707560
4133,531499
4134,839835
4135,577922
4136,446893
4137,676871
4138,546121
4139,448119
4140,972576
4141,612571
4142,481848
4143,514847
4144,581032
4145,385103
4146,614560
4147,516632
4148,615115
4149,1139744
4150,517412
4151,550231
4152,780305
4153,551804
4154,1141706
4155,585244
4156,454626
4157,684684
4158,652004
4159,619592
4160,587792
4161,522627
4162,555974
4163,425001
4164,523366
4165,589049
4166,556678
4167,524047
4168,458576
4169,556984
4170,524369
4171,524434
4172,459151
4173,460458
4174,460465
4175,624385
4176,624860
4177,919912
4178,559907
4179,854916
4180,527774
4181,921552
4182,693113
4183,693827
4184,988932
4185,497698
4186,399566
4187,629017
4188,563811
4189,989796
4190,597208
4191,630004
4192,826749
4193,568124
4194,565028
4195,597890
4196,925577
4197,1123023
4198,664300
4199,730047
4200,467909
4201,631843
4202,566525
4203,763329
4204,337404
4205,370172
4206,632357
4207,632617
4208,567690
4209,436969
4210,438631
4211,568620
4212,896504
4213,1125984
4214,634528
4215,634649
4216,602223
4217,602269
4218,438695
4219,602734
4220,898000
4221,603206
4222,800497
4223,1062787
4224,866428
4225,965326
4226,637649
4227,637693
4228,835551
4229,574060
4230,836285
4231,508943
4232,607430
4233,542178
4234,476669
4235,838237
4236,1165936
4237,1165943
4238,1165947
4239,1165950
4240,379686
4241,412656
4242,576845
4243,675445
4244,511809
4245,610253
4246,512195
4247,839939
4248,643586
4249,644083
4250,578701
4251,513310
4252,644495
4253,579047
4254,776503
4255,744275
4256,580489
4257,777270
4258,482373
4259,646380
4260,876254
4261,581734
4262,385128
4263,516329
4264,451048
4265,614917
4266,615457
4267,615643
4268,812419
4269,583406
4270,681887
4271,878525
4272,550988
4273,780382
4274,616651
4275,748618
4276,617653
4277,585216
4278,585245
4279,749274
4280,716612
4281,586101
4282,520763
4283,423108
4284,718032
4285,619778
4286,587807
4287,522478
4288,424277
4289,588228
4290,522931
4291,425909
4292,819876
4293,820446
4294,361743
4295,656663
4296,1115426
4297,854239
4298,952662
4299,526896
4300,1018494
4301,1018539
4302,985939
4303,756999
4304,953763
4305,724495
4306,953948
4307,593643
4308,626735
4309,725201
4310,823625
4311,824281
4312,661374
4313,858015
4314,366672
4315,497828
4316,760104
4317,1022311
4318,629542
4319,760926
4320,696157
4321,335787
4322,893086
4323,663712
4324,532710
4325,762504
4326,992121
4327,664469
4328,763285
4329,436270
4330,862965
4331,1026837
4332,76600
4333,338953
4334,830784
4335,830788
4336,438148
4337,536554
4338,1093778
4339,1061215
4340,766475
4341,668482
4342,635891
4343,504827
4344,505026
4345,245842
4346,803114
4347,639933
4348,508947
4349,804095
4350,575322
4351,837881
4352,477462
4353,969175
4354,674324
4355,937278
4356,1002902
4357,675353
4358,315162
4359,807356
4360,545611
4361,676710
4362,414906
4363,1103441
4364,809140
4365,744594
4366,646385
4367,777831
4368,1171357
4369,614934
4370,614939
4371,811631
4372,877269
4373,615777
4374,648579
4375,615904
4376,615952
4377,616037
4378,944114
4379,747803
4380,551271
4381,616820
4382,682507
4383,453395
4384,650034
4385,846867
4386,978363
4387,1011361
4388,978650
4389,913290
4390,881212
4391,717728
4392,619730
4393,522016
4394,882598
4395,718789
4396,718930
4397,653851
4398,817758
4399,785084
4400,883502
4401,752623
4402,949423
4403,818397
4404,556694
4405,1016084
4406,820525
4407,493529
4408,1149302
4409,953062
4410,1117415
4411,298618
4412,299054
4413,758323
4414,758336
4415,1151741
4416,594767
4417,1152239
4418,1087170
4419,1153115
4420,532408
4421,761851
4422,335977
4423,565770
4424,762430
4425,926393
4426,631842
4427,796224
4428,502356
4429,994143
4430,798286
4431,667216
4432,1158749
4433,569094
4434,536437
4435,667538
4436,700391
4437,635910
4438,603692
4439,768362
4440,964980
4441,1128957
4442,1096996
4443,934433
4444,640146
4445,804150
4446,968051
4447,640380
4448,575264
4449,739405
4450,346698
4451,1167114
4452,1167494
4453,872585
4454,447277
4455,447365
4456,906221
4457,1135913
4458,1168688
4459,677179
4460,972230
4461,1136380
4462,616747
4463,678512
4464,809787
4465,646389
4466,1007276
4467,1040148
4468,614479
4469,1008042
4470,614930
4471,844417
4472,385687
4473,1008392
4474,942922
4475,713704
4476,615656
4477,747188
4478,976573
4479,878361
4480,1140548
4481,649609
4482,912908
4483,945729
4484,913673
4485,1078044
4486,455476
4487,980078
4488,980489
4489,1079007
4490,882569
4491,1079458
4492,555285
4493,719256
4494,982271
4495,884605
4496,1048522
